{"cameraMode":{"drawMode":0,"name":"Shaded","section":"Shading Mode"},"sceneLighting":false,"audioPlay":false,"sceneViewState":{"m_AlwaysRefresh":false,"showFog":true,"showSkybox":false,"showFlares":true,"showImageEffects":true,"showParticleSystems":true,"showVisualEffectGraphs":true,"m_FxEnabled":true},"in2DMode":false,"pivot":{"x":-0.16783690452575684,"y":0.08053809404373169,"z":-0.49288317561149599},"rotation":{"x":0.014275028370320797,"y":0.6810690760612488,"z":-0.013282529078423977,"w":0.731960117816925},"size":1.2247449159622193,"orthographic":true}