{"cameraMode":{"drawMode":0,"name":"Shaded","section":"Shading Mode"},"sceneLighting":false,"audioPlay":false,"sceneViewState":{"m_AlwaysRefresh":false,"showFog":true,"showSkybox":false,"showFlares":true,"showImageEffects":true,"showParticleSystems":true,"showVisualEffectGraphs":true,"m_FxEnabled":true},"in2DMode":false,"pivot":{"x":18.966594696044923,"y":-2.006075859069824,"z":-3.1749024391174318},"rotation":{"x":-0.033329740166664126,"y":-0.7590606808662415,"z":0.03898116201162338,"w":-0.6490010619163513},"size":13.444108963012696,"orthographic":false}