{"cameraMode":{"drawMode":0,"name":"Shaded","section":"Shading Mode"},"sceneLighting":false,"audioPlay":false,"sceneViewState":{"m_AlwaysRefresh":false,"showFog":true,"showSkybox":false,"showFlares":true,"showImageEffects":true,"showParticleSystems":true,"showVisualEffectGraphs":true,"m_FxEnabled":true},"in2DMode":false,"pivot":{"x":2.4466288089752199,"y":-1.2909612655639649,"z":2.0826916694641115},"rotation":{"x":0.3624430000782013,"y":0.41941386461257937,"z":-0.18745997548103333,"w":0.8109394311904907},"size":2.0477585792541506,"orthographic":false}