{"cameraMode":{"drawMode":0,"name":"Shaded","section":"Shading Mode"},"sceneLighting":true,"audioPlay":false,"sceneViewState":{"m_AlwaysRefresh":false,"showFog":true,"showSkybox":true,"showFlares":true,"showImageEffects":true,"showParticleSystems":true,"showVisualEffectGraphs":true,"m_FxEnabled":true},"in2DMode":false,"pivot":{"x":433.5409851074219,"y":1.2748454809188843,"z":-276.2158508300781},"rotation":{"x":0.14819981157779694,"y":-0.09183140099048615,"z":0.013822701759636402,"w":0.984588086605072},"size":0.4352043867111206,"orthographic":true}