{"cameraMode":{"drawMode":0,"name":"Shaded","section":"Shading Mode"},"sceneLighting":false,"audioPlay":false,"sceneViewState":{"m_AlwaysRefresh":false,"showFog":true,"showSkybox":false,"showFlares":true,"showImageEffects":true,"showParticleSystems":true,"showVisualEffectGraphs":true,"m_FxEnabled":true},"in2DMode":false,"pivot":{"x":-0.12768226861953736,"y":-0.06385591626167298,"z":-1.0241436958312989},"rotation":{"x":0.006411512847989798,"y":-0.9874035120010376,"z":0.04149534925818443,"w":0.1525619924068451},"size":1.4656399488449097,"orthographic":true}