{"cameraMode":{"drawMode":0,"name":"Shaded","section":"Shading Mode"},"sceneLighting":false,"audioPlay":false,"sceneViewState":{"m_AlwaysRefresh":false,"showFog":true,"showSkybox":false,"showFlares":true,"showImageEffects":true,"showParticleSystems":true,"showVisualEffectGraphs":true,"m_FxEnabled":true},"in2DMode":false,"pivot":{"x":-6.257251739501953,"y":-0.06914567947387696,"z":-25.338394165039064},"rotation":{"x":0.09935802966356278,"y":0.21758082509040833,"z":-0.022270530462265016,"w":0.9707170128822327},"size":2.6622066497802736,"orthographic":false}