{"cameraMode":{"drawMode":0,"name":"Shaded","section":"Shading Mode"},"sceneLighting":false,"audioPlay":false,"sceneViewState":{"m_AlwaysRefresh":false,"showFog":true,"showSkybox":false,"showFlares":true,"showImageEffects":true,"showParticleSystems":true,"showVisualEffectGraphs":true,"m_FxEnabled":true},"in2DMode":false,"pivot":{"x":0.060236454010009769,"y":0.052049294114112857,"z":-0.5599309206008911},"rotation":{"x":0.00152040203101933,"y":0.9983638525009155,"z":-0.0473579540848732,"w":0.032056745141744617},"size":1.3374520540237427,"orthographic":true}